n,first_author,year,title,journal,doi,pmid,pmcid,full_authors,pdf_is_preprint
1,Bezrutczyk M et al.,2021,Evidence for phloem loading via the abaxial bundle sheath cells in maize leaves,Plant Cell,10.1093/plcell/koaa055,33955497,PMC8136869,"Bezrutczyk M, Zöllner NR, Kruse CPS, Hartwig T, Lautwein T, Köhrer K, Frommer WB, Kim JY.",False
2,Cao Y et al.,2023,Single-cell RNA sequencing profiles reveal cell type-specific transcriptional regulation networks conditioning fungal invasion in maize roots,Plant Biotechnol J,10.1111/pbi.14097,37349934,PMC10440994,"Cao Y, Ma J, Han S, Hou M, Wei X, Zhang X, Zhang ZJ, Sun S, Ku L, Tang J, Dong Z, Zhu Z, Wang X, Zhou X, Zhang L, Li X, Long Y, Wan X, Duan C.",False
3,Conde D et al.,2022,Single-nuclei transcriptome analysis of the shoot apex vascular system differentiation in Populus,Development,10.1242/dev.200632,36178121,PMC9720752,"Conde D, Triozzi PM, Pereira WJ, Schmidt HW, Balmant KM, Knaack SA, Redondo-López A, Roy S, Dervinis C, Kirst M.",False
4,Denyer T et al.,2019,Spatiotemporal Developmental Trajectories in the Arabidopsis Root Revealed Using High-Throughput Single-Cell RNA Sequencing,Dev Cell,10.1016/j.devcel.2019.02.022,30913408,,"Denyer T, Ma X, Klesen S, Scacchi E, Nieselt K, Timmermans MCP.",False
5,Dorrity MW et al.,2021,The regulatory landscape of Arabidopsis thaliana roots at single-cell resolution,Nat Commun,10.1038/s41467-021-23675-y,34099698,PMC8184767,"Dorrity MW, Alexandre CM, Hamm MO, Vigil AL, Fields S, Queitsch C, Cuperus JT.",True
6,Guillotin B et al.,2023,A pan-grass transcriptome reveals patterns of cellular divergence in crops,Nature,10.1038/s41586-023-06053-0,37165193,PMC10657638,"Guillotin B, Rahni R, Passalacqua M, Mohammed MA, Xu X, Raju SK, Ramírez CO, Jackson D, Groen SC, Gillis J, Birnbaum KD.",False
7,Jean-Baptiste K et al.,2019,Dynamics of Gene Expression in Single Root Cells of Arabidopsis thaliana,Plant Cell,10.1105/tpc.18.00785,30923229,PMC8516002,"Jean-Baptiste K, McFaline-Figueroa JL, Alexandre CM, Dorrity MW, Saunders L, Bubb KL, Trapnell C, Fields S, Queitsch C, Cuperus JT.",False
8,Kao P et al.,2021,Gene expression variation in Arabidopsis embryos at single-nucleus resolution,Development,10.1242/dev.199589,34142712,PMC8276985,"Kao P, Schon MA, Mosiolek M, Enugutti B, Nodine MD.",False
9,Liu Z et al.,2022,Identification of novel regulators required for early development of vein pattern in the cotyledons by single-cell RNA-sequencing,Plant J,10.1111/tpj.15719,35218590,PMC9310732,"Liu Z, Wang J, Zhou Y, Zhang Y, Qin A, Yu X, Zhao Z, Wu R, Guo C, Bawa G, Rochaix JD, Sun X.",False
10,Lyu M et al.,2025,The dynamic and diverse nature of parenchyma cells in the Arabidopsis root during secondary growth,Nat Plants,10.1038/s41477-025-01938-6,40140531,,"Lyu M, Iida H, Eekhout T, Mäkelä M, Muranen S, Ye L, Vatén A, Wybouw B, Wang X, De Rybel B, Mähönen AP.",False
11,Mendieta JP et al.,2024,Investigating the cis-regulatory basis of C3 and C4 photosynthesis in grasses at single-cell resolution,Proc Natl Acad Sci U S A,10.1073/pnas.2402781121,39312655,PMC11459142,"Mendieta JP, Tu X, Jiang D, Yan H, Zhang X, Marand AP, Zhong S, Schmitz RJ.",False
12,Misra CS et al.,2019,Transcriptomics of Arabidopsis sperm cells at single-cell resolution,Plant Reprod,10.1007/s00497-018-00355-4,30675644,,"Misra CS, Santos MR, Rafael-Fernandes M, Martins NP, Monteiro M, Becker JD.",False
13,Roszak P et al.,2021,Cell-by-cell dissection of phloem development links a maturation gradient to cell specialization,Science,10.1126/science.aba5531,34941412,PMC8730638,"Roszak P, Heo JO, Blob B, Toyokura K, Sugiyama Y, de Luis Balaguer MA, Lau WWY, Hamey F, Cirrone J, Madej E, Bouatta AM, Wang X, Guichard M, Ursache R, Tavares H, Verstaen K, Wendrich J, Melnyk CW, Oda Y, Shasha D, Ahnert SE, Saeys Y, De Rybel B, Heidstra R, Scheres B, Grossmann G, Mähönen AP, Denninger P, Göttgens B, Sozzani R, Birnbaum KD, Helariutta Y.",False
14,Satterlee JW et al.,2023,A Wox3-patterning module organizes planar growth in grass leaves and ligules,Nat Plants,10.1038/s41477-023-01405-0,37142751,PMC10200708,"Satterlee JW, Evans LJ, Conlon BR, Conklin P, Martinez-Gomez J, Yen JR, Wu H, Sylvester AW, Specht CD, Cheng J, Johnston R, Coen E, Scanlon MJ.",False
15,Sun Y et al.,2024,Progressive meristem and single-cell transcriptomes reveal the regulatory mechanisms underlying maize inflorescence development and sex differentiation,Mol Plant,10.1016/j.molp.2024.06.007,38877701,,"Sun Y, Dong L, Kang L, Zhong W, Jackson D, Yang F.",False
16,Turco GM et al.,2019,Molecular Mechanisms Driving Switch Behavior in Xylem Cell Differentiation,Cell Rep,10.1016/j.celrep.2019.06.041,31291572,,"Turco GM, Rodriguez-Medina J, Siebert S, Han D, Valderrama-Gómez MÁ, Vahldick H, Shulse CN, Cole BJ, Juliano CE, Dickel DE, Savageau MA, Brady SM.",False
17,Vukašinović N et al.,2025,Polarity-guided uneven mitotic divisions control brassinosteroid activity in proliferating plant root cells,Cell,10.1016/j.cell.2025.02.011,40068682,,"Vukašinović N, Hsu CW, Marconi M, Li S, Zachary C, Shahan R, Szekley P, Aardening Z, Vanhoutte I, Ma Q, Pinto L, Krupa? P, German N, Zhang J, Simon-Vezo C, Perez-Sancho J, Quijada PC, Zhou Q, Lee LR, Cai J, Bayer EM, Fendrych M, Truernit E, Zhou Y, Savaldi-Goldstein S, Wabnik K, Nolan TM, Russinova E.",False
18,Wang J et al.,2021,Single-cell-type transcriptomic analysis reveals distinct gene expression profiles in wheat guard cells in response to abscisic acid,Funct Plant Biol,10.1071/FP20368,34551854,,"Wang J, Li Y, Wu T, Miao C, Xie M, Ding B, Li M, Bao S, Chen X, Hu Z, Xie X.",False
19,Xu X et al.,2021,Single-cell RNA sequencing of developing maize ears facilitates functional analysis and trait candidate gene discovery,Dev Cell,10.1016/j.devcel.2020.12.015,33400914,PMC7904613,"Xu X, Crow M, Rice BR, Li F, Harris B, Liu L, Demesa-Arevalo E, Lu Z, Wang L, Fox N, Wang X, Drenkow J, Luo A, Char SN, Yang B, Sylvester AW, Gingeras TR, Schmitz RJ, Ware D, Lipka AE, Gillis J, Jackson D.",False
20,Yan H et al.,2024,Evolution of plant cell-type-specific cis-regulatory elements,bioRxiv,10.1101/2024.01.08.574753,38260561,PMC10802394,"Yan H, Mendieta JP, Zhang X, Marand AP, Liang Y, Luo Z, Minow MAA, Jang H, Li X, Roule T, Wagner D, Tu X, Wang Y, Jiang D, Zhong S, Huang L, Wessler SR, Schmitz RJ.",True
21,Zong J et al.,2022,A rice single cell transcriptomic atlas defines the developmental trajectories of rice floret and inflorescence meristems,New Phytol,10.1111/nph.18008,35118670,,"Zong J, Wang L, Zhu L, Bian L, Zhang B, Chen X, Huang G, Zhang X, Fan J, Cao L, Coupland G, Liang W, Zhang D, Yuan Z.",False
